{
  "Prob_Route": [
    0.7863636363636364,
    0.9090909090909091,
    0.95
  ],
  "algorithmParams": {
    "E": 3,
    "X": 150,
    "alpha": 0.8,
    "Capacity_Scale": 1.2,
    "allowed_layers_per_block": [
      3,
      4,
      4
    ],
    "layer_profit_ranges": {
      "Raw": [
        25,
        35
      ],
      "Geo": [
        15,
        25
      ],
      "Sem": [
        8,
        15
      ],
      "Dyn": [
        -5,
        5
      ]
    },
    "totalRSU": 53,
    "RSU_per_region": [
      16,
      20,
      17
    ],
    "regionLats": [
      32.072,
      32.058,
      32.046
    ]
  },
  "regionCounts": [
    7,
    10,
    11
  ],
  "vehicleCount": 30,
  "timestamp": "2026-05-31T08:42:30.919Z"
}