{"CacheDecision":[0,0,0,0,0,0,0,0,0,0,0,0,0,0,0,0,0,0,0,0,0,0,0,0,0,0,0,0,0,0,0,0,0,0,0,0,0,0,0,0,0,0,0,0,0,0,0,0,0,0,0,0,0,0,0,0,0,0,0,0,0,0,0,0,0,0,0,0,0,0,0,0,0,0,0,0,0,0,0,0,0,0,0,0,0,0,0,0,0,0,0,0,0,0,0,0,0,0,0,0,0,0,0,0,0,0,0,0,0,0,0,0,0,0,0,0,0,0,0,0,0,0,0,0,0,0,0,0,0,0,0,0,0,0,0,0,0,0,0,0,0,0,0,0,0,0,0,0,0,0,1,1,1,1,1,1,0,1,1,1,1,1,1,0,1,1,1,0,0,0,0,0,0,0,0,0,0,0,0,0,0,0,0,0,0,0,0,0,0,0,0,0,0,0,0,0,0,0,0,0,0,0,0,0,0,0,0,0,0,0,0,0,0,0,0,0,0,0,0,0,0,0,0,0,0,0,0,0,0,0,0,0,0,0,0,0,0,0,0,0,0,0,0,0,0,0,0,0,0,0,0,0,0,0,0,0,0,0,0,0,0,0,0,0,0,0,0,0,0,0,0,0,0,0,0,0,0,0,0,0,0,0,0,0,0,0,0,0,0,0,0,0,0,0,0,0,0,0,0,0,0,0,0,0,0,0,0,0,0,0,0,0,0,0,0,0,0,0,0,0,0,0,0,0,0,0,0,0,0,0,0,0,0,0,0,0,0,0,0,0,0,0,0,0,0,0,0,0,0,0,0,0,0,0,0,0,0,0,0,0,0,0,0,0,0,0,0,0,0,0,0,0,0,0,0,0,0,0,0,0,0,0,0,0,0,0,0,0,0,0,0,0,0,0,0,0,0,0,0,0,0,0,0,0,0,0,0,0,0,0,0,0,0,0,0,0,0,0,0,0,0,0,0,0,0,0,0,0,0,0,0,0,0,0,0,0,0,0,0,0,0,0,0,0,0,0,0,0,0,0],"psi":[0.074926878698424973,0.053720895463525889,0.044220071339524505,0.038516679989016304,0.034604457017651191,0.031704801682472722,0.02944357782117725,0.027615597703198061,0.026097640035734487,0.024810621372599519,0.023701135451320115,0.022731633379941395,0.021874837326070845,0.02111038646851977,0.020422731929686154,0.019799765626797344,0.019231898527914425,0.018711423945034715,0.018232067191093451,0.017788660361886366,0.017376903113550744,0.016993183782177228,0.016634443637733316,0.01629807249056936,0.015981827433466014,0.0156837688916059,0.015402209783999301,0.015135674732088112,0.014882867049185572,0.014642641814696933,0.014413983749953403,0.014195988915014722,0.013987849469927812,0.013788840911705378,0.013598311325094793,0.013415672281915774,0.013240391098124509,0.013071984215422822,0.012910011519266454,0.01275407144054904,0.012603796716285911,0.012458850706969329,0.012318924186179582,0.01218373253247524,0.012053013265287545,0.01192652387607559,0.01180403991380108,0.011685353290197162,0.01157027077560545,0.011458612660550956,0.011350211561885724,0.01124491135539283,0.011142566219310972,0.01104303977540326,0.010946204316021725,0.010851940107169151,0.010760134758877984,0.010670682655350738,0.010583484438268585,0.010498446537500332,0.010415480744154567,0.010334503821530271,0.010255437150051361,0.010178206402729933,0.010102741248102233,0.010028975077929197,0.0099568447572568712,0.0098862903946976364,0.0098172551310258885,0.009749684944386371,0.0096835284705932435,0.009618736837156798,0.0095552635098146745,0.00949306415046884,0.0094320964855392122,0.0093723201838428055,0.0093136967431939263,0.0092561893849984582,0.0091997629561843472,0.00914438383787204,0.0090900198602439381,0.0090366402231214175,0.0089842154218023676,0.0089327171777521842,0.00888211837377704,0.0088323929933406577,0.0087835160637150488,0.00873546360268202,0.0086882125685261765,0.0086417408130817289,0.0085960270376149953,0.00855105075134233,0.0085067922323993073,0.0084632324910916754,0.0084203532352720867,0.0083781368376986184,0.00833656630524241,0.0082956252498217961,0.0082552978609496015,0.0082155688797888211,0.0081764235746196578,0.008137847717627978,0.0080998275629319046,0.0080623498257691578,0.0080254016627733342,0.007988970653272422,0.0079530447815474425,0.0079176124199935131,0.0078826623131295469,0.0078481835624064269,0.0078141656117670169,0.0077805982339143234,0.0077474715172471693,0.0077147758534253019,0.0076825019255284156,0.0076506406967758282,0.007619183399775682,0.0075881215262745376,0.007557446817380048,0.0075271512542310964,0.007497227049091418,0.0074676666368441178,0.0074384626668659512,0.007409607995261476,0.0073810956774383665,0.0073529189610063161,0.0073250712789829893,0.0072975462432914428,0.0072703376385343278,0.0072434394160310854,0.0072168456881050542,0.0071905507226082558,0.0071645489376721784,0.0071388348966736816,0.0071134033034056477,0.0070882489974425705,0.0070633669496919134,0.0070387522581224406,0.0070144001436612761,0.0069903059462518664,0.0069664651210654379,0.0069428732348589305,0.0069195259624727544,0.006896419083462074,0.0068735484788556307,0.0068509101280364451,0.0068285001057390065,0.0068063145791578527,0.006784349805162666,0.0067626021276152989,0.52069861708881537,0.51493299558749861,0.50937712584091011,0.50401736889358706,0.49884135248280015,0.4938378330532634,0.48899657130112978,0.48430822099443793,0.47976423037391136,0.475356755176051,0.4710785821915156,0.46692306223648461,0.46288405144213973,0.458955859833944,0.45513320626074305,0.45141117883150106,0.44778520011644063,0.44425099646411154,0.4408045708734184,0.43744217893830711,0.43416030745221529,0.43095565531973329,0.42782511647479027,0.4247657645489602,0.42177483907101043,0.41884973301055872,0.41598798150545097,0.41318725163502579,0.41044533312043224,0.40776012984921539,0.40512965213495045,0.40255200963421983,0.4000254048530083,0.39754812718296773,0.39511854741513597,0.3927351126848766,0.39039634180710181,0.38810082096544113,0.38584719972302389,0.38363418732602228,0.38146054927415074,0.37932510413499376,0.377226720581389,0.37516431463316013,0.37313684708634243,0.37114332111466636,0.36918278002950616,0.3672543051857991,0.3653570140225918,0.36349005822788077,0.3616526220183654,0.35984392052553393,0.35806319828025823,0.35630972778874359,0.35458280819327748,0.35288176401177979,0.35120594395063287,0.349554719785737,0.34792748530712742,0.34632365532286807,0.34474266471826681,0.34318396756676611,0.34164703628913973,0.34013136085788359,0.33863644804391752,0.33716182070292766,0.33570701709888112,0.33427159026241171,0.33285510738195184,0.33145714922562547,0.33007730959206227,0.32871519478842193,0.32737042313402304,0.32604262448810356,0.32473143980030755,0.32343652068261464,0.32215752900149658,0.32089413648916937,0.31964602437288697,0.31841288302127818,0.31719441160680745,0.31599031778348491,0.31480031737901165,0.31362413410059664,0.31246149925372491,0.31131215147320562,0.31017583646586305,0.30905230676427603,0.30794132149100412,0.30684264613277262,0.30575605232412106,0.30468131764004347,0.30361822539717764,0.3025665644631334,0.3015261290735578,0.30049671865657174,0.29947813766422526,0.29847019541063863,0.29747270591651831,0.29648548775974953,0.29550836393178481,0.29454116169956307,0.29358371247270915,0.292635851675772,0.29169741862527865,0.29076825641138782,0.28984821178394077,0.28893713504271634,0.28803487993170618,0.28714130353723649,0.28625626618977268,0.28537963136924654,0.28451126561375933,0.28365103843151851,0.28279882221586972,0.28195449216330043,0.28111792619428877,0.2802890048768813,0.27946761135289255,0.278653631266613,0.27784695269593174,0.27704746608577385,0.27625506418376083,0.27546964197800689,0.2746910966369675,0.27391932745125963,0.273154235777379,0.272395724983238,0.27164370039545993,0.27089806924835558,0.27015874063452788,0.26942562545703358,0.26869863638305086,0.26797768779899572,0.26726269576703032,0.2665535779829164,0.26585025373516286,0.26515264386541926,0.26446067073007395,0.26377425816300992,0.26309333143947961,0.26241781724105695,0.26174764362163161,0.26108273997440556,0.26042303699985947,0.25976846667465464,0.25911896222143693,0.25847445807951541,0.25783488987638009,0.25720019440003594,0.42728962318942953,0.42500758941788375,0.4227639780618852,0.4205576777445803,0.41838762356898979,0.41625279452194641,0.4141522110633688,0.41208493288449816,0.41005005682043433,0.40804671490383881,0.40607407254801009,0.40413132684872211,0.402217704995273,0.40033246278209372,0.39847488321312,0.39664427519183232,0.3948399722905398,0.39306133159304618,0.39130773260537,0.38957857622964254,0.38787328379673286,0.38619129615351633,0.38453207280104712,0.3828950910801967,0.38127984540159376,0.37968584651695775,0.37811262082913566,0.3765597097383685,0.37502666902248749,0.37351306824892883,0.37201849021659283,0.37054253042573509,0.36908479657419008,0.36764490807836187,0.3662224956175214,0.364817200700043,0.36342867525032574,0.36205658121520662,0.36070059018877121,0.35936038305452905,0.3580356496439942,0.35672608841076958,0.35543140611929475,0.35415131754746854,0.35288554520240578,0.35163381904863922,